name,type,value,date
伏黑惠,Chinese,2,2020-11-23
五条悟,Chinese,2,2020-11-20
虎杖悠仁,Chinese,1,2020-11-24
东堂葵,Chinese,1,2020-11-20
漏瑚,Chinese,1,2020-11-27
虎杖悠仁,Chinese,3,2020-11-21
五条悟,Chinese,10,2020-11-29
七海建人,Chinese,2,2020-11-28
五条悟,Chinese,2,2020-11-25
两面宿傩,Chinese,2,2020-11-22
伏黑惠,Chinese,1,2020-11-27
虎杖悠仁,Chinese,3,2020-11-26
虎杖悠仁,Chinese,1,2020-11-23
两面宿傩,Chinese,1,2020-11-28
两面宿傩,Chinese,1,2020-11-25
熊猫,Chinese,1,2020-11-28
两面宿傩,Chinese,1,2020-11-27
虎杖悠仁,Chinese,3,2020-11-28
五条悟,Chinese,3,2020-11-27
两面宿傩,Chinese,1,2020-11-20
虎杖悠仁,Chinese,3,2020-11-27
五条悟,Chinese,3,2020-11-23
五条悟,Chinese,9,2020-11-28
虎杖悠仁,Chinese,2,2020-11-20
狗卷棘,Chinese,1,2020-11-28
虎杖悠仁,Chinese,2,2020-11-29
狗卷棘,Chinese,2,2020-11-21
五条悟,Chinese,2,2020-11-24
五条悟,Chinese,7,2020-11-21
虎杖悠仁,Chinese,1,2020-11-25
两面宿傩,Chinese,1,2020-11-21
虎杖悠仁,Chinese,4,2020-11-22
五条悟,Chinese,6,2020-11-14
五条悟,Chinese,1,2020-11-19
虎杖悠仁,Chinese,3,2020-11-15
五条悟,Chinese,2,2020-11-16
钉崎野蔷薇,Chinese,1,2020-11-15
虎杖悠仁,Chinese,3,2020-11-18
两面宿傩,Chinese,1,2020-11-15
虎杖悠仁,Chinese,1,2020-11-19
熊猫,Chinese,1,2020-11-19
五条悟,Chinese,12,2020-11-15
五条悟,Chinese,5,2020-11-17
虎杖悠仁,Chinese,6,2020-11-16
伏黑惠,Chinese,1,2020-11-17
漏瑚,Chinese,2,2020-11-15
虎杖悠仁,Chinese,2,2020-11-14
五条悟,Chinese,1,2020-11-18
五条悟,Chinese,1,2020-11-13
伏黑惠,Chinese,1,2020-11-09
东堂葵,Chinese,1,2020-11-06
虎杖悠仁,Chinese,2,2020-11-09
五条悟,Chinese,3,2020-11-09
伏黑惠,Chinese,2,2020-11-07
夏油杰,Chinese,1,2020-11-07
虎杖悠仁,Chinese,5,2020-11-08
两面宿傩,Chinese,1,2020-11-06
五条悟,Chinese,2,2020-11-10
两面宿傩,Chinese,9,2020-11-07
两面宿傩,Chinese,4,2020-11-11
虎杖悠仁,Chinese,1,2020-11-04
伏黑惠,Chinese,1,2020-11-10
七海建人,Chinese,1,2020-11-03
五条悟,Chinese,4,2020-11-06
虎杖悠仁,Chinese,1,2020-11-10
东堂葵,Chinese,1,2020-11-08
伏黑惠,Chinese,1,2020-11-04
两面宿傩,Chinese,2,2020-11-09
乙骨优太,Chinese,1,2020-11-05
东堂葵,Chinese,2,2020-11-07
五条悟,Chinese,2,2020-11-05
虎杖悠仁,Chinese,1,2020-11-11
五条悟,Chinese,2,2020-11-08
乙骨优太,Chinese,1,2020-11-12
虎杖悠仁,Chinese,8,2020-11-07
五条悟,Chinese,3,2020-11-04
狗卷棘,Chinese,1,2020-11-09
虎杖悠仁,Chinese,2,2020-11-05
两面宿傩,Chinese,1,2020-11-04
虎杖悠仁,Chinese,1,2020-11-02
五条悟,Chinese,4,2020-11-07
钉崎野蔷薇,Chinese,2,2020-11-10
伏黑惠,Chinese,1,2020-11-08
钉崎野蔷薇,Chinese,1,2020-11-04
钉崎野蔷薇,Chinese,4,2020-11-07
五条悟,Chinese,6,2020-11-22
两面宿傩,Chinese,1,2020-11-18
五条悟,Chinese,6,2020-11-16
虎杖悠仁,Chinese,3,2020-11-24
东堂葵,Chinese,1,2020-11-20
伏黑惠,Chinese,1,2020-11-21
虎杖悠仁,Chinese,2,2020-11-21
两面宿傩,Chinese,1,2020-11-22
五条悟,Chinese,2,2020-11-25
五条悟,Chinese,1,2020-11-19
虎杖悠仁,Chinese,3,2020-11-23
五条悟,Chinese,1,2020-11-20
熊猫,Chinese,1,2020-11-20
五条悟,Chinese,2,2020-11-14
五条悟,Chinese,5,2020-11-01
五条悟,Chinese,3,2020-11-26
伏黑惠,Chinese,1,2020-11-27
虎杖悠仁,Chinese,2,2020-11-18
两面宿傩,Chinese,1,2020-11-24
虎杖悠仁,Chinese,2,2020-11-15
虎杖悠仁,Chinese,3,2020-11-28
熊猫,Chinese,1,2020-11-19
五条悟,Chinese,7,2020-11-17
五条悟,Chinese,3,2020-11-15
虎杖悠仁,Chinese,4,2020-11-01
漏瑚,Chinese,2,2020-11-15
钉崎野蔷薇,Chinese,1,2020-11-21
虎杖悠仁,Chinese,4,2020-11-16
两面宿傩,Chinese,1,2020-11-23
虎杖悠仁,Chinese,1,2020-11-19
钉崎野蔷薇,Chinese,3,2020-11-01
五条悟,Chinese,1,2020-11-24
五条悟,Chinese,3,2020-11-23
五条悟,Chinese,4,2020-11-21
虎杖悠仁,Chinese,1,2020-11-29
伏黑惠,Chinese,1,2020-11-01
五条悟,Chinese,2,2020-11-28
虎杖悠仁,Chinese,5,2020-11-20
虎杖悠仁,Chinese,2,2020-11-25
伏黑惠,Chinese,1,2020-11-24
五条悟,Chinese,5,2020-11-27
虎杖悠仁,Chinese,1,2020-11-22
虎杖悠仁,Chinese,3,2020-11-17
五条悟,Chinese,3,2020-11-18
狗卷棘,Chinese,1,2020-11-28
两面宿傩,Chinese,3,2020-11-01
伏黑惠,Chinese,2,2020-11-09
两面宿傩,Chinese,3,2020-11-08
五条悟,Chinese,3,2020-11-11
虎杖悠仁,Chinese,1,2020-11-24
五条悟,Chinese,1,2020-11-26
虎杖悠仁,Chinese,3,2020-11-08
两面宿傩,Chinese,2,2020-11-03
五条悟,Chinese,2,2020-11-02
钉崎野蔷薇,Chinese,2,2020-11-22
五条悟,Chinese,1,2020-11-29
五条悟,Chinese,6,2020-11-01
两面宿傩,Chinese,1,2020-11-07
五条悟,Chinese,2,2020-11-13
虎杖悠仁,Chinese,6,2020-11-09
七海建人,Chinese,1,2020-11-01
五条悟,Chinese,6,2020-11-09
虎杖悠仁,Chinese,1,2020-11-26
钉崎野蔷薇,Chinese,1,2020-11-24
五条悟,Chinese,10,2020-11-14
虎杖悠仁,Chinese,4,2020-11-13
虎杖悠仁,Chinese,2,2020-11-04
虎杖悠仁,Chinese,1,2020-11-28
钉崎野蔷薇,Chinese,1,2020-11-26
伏黑惠,Chinese,2,2020-11-13
钉崎野蔷薇,Chinese,1,2020-11-29
五条悟,Chinese,3,2020-11-22
五条悟,Chinese,4,2020-11-06
虎杖悠仁,Chinese,4,2020-11-10
虎杖悠仁,Chinese,3,2020-11-23
五条悟,Chinese,1,2020-11-05
虎杖悠仁,Chinese,3,2020-11-01
钉崎野蔷薇,Chinese,1,2020-11-28
虎杖悠仁,Chinese,2,2020-11-11
五条悟,Chinese,2,2020-11-04
两面宿傩,Chinese,2,2020-11-01
虎杖悠仁,Chinese,1,2020-11-12
虎杖悠仁,Chinese,1,2020-11-02
五条悟,Chinese,3,2020-11-08
东堂葵,Chinese,1,2020-11-07
五条悟,Chinese,5,2020-11-07
虎杖悠仁,Chinese,2,2020-11-14
两面宿傩,Chinese,1,2020-11-05
五条悟,Chinese,2,2020-11-28
五条悟,Chinese,3,2020-11-03
五条悟,Chinese,2,2020-11-12
虎杖悠仁,Chinese,1,2020-11-29
钉崎野蔷薇,Chinese,2,2020-11-13
虎杖悠仁,Chinese,2,2020-11-05
虎杖悠仁,Chinese,6,2020-11-07
两面宿傩,Chinese,1,2020-11-09
钉崎野蔷薇,Chinese,2,2020-11-27
虎杖悠仁,Chinese,1,2020-11-22
伏黑惠,Chinese,1,2020-11-23
钉崎野蔷薇,Chinese,1,2020-11-05
钉崎野蔷薇,Chinese,2,2020-11-09
钉崎野蔷薇,Chinese,1,2020-11-26
虎杖悠仁,Chinese,2,2020-11-21
钉崎野蔷薇,Chinese,3,2020-11-15
伏黑惠,Chinese,1,2020-11-15
五条悟,Chinese,1,2020-11-11
两面宿傩,Chinese,2,2020-11-27
钉崎野蔷薇,Chinese,1,2020-11-11
伏黑惠,Chinese,1,2020-11-26
五条悟,Chinese,1,2020-11-14
虎杖悠仁,Chinese,2,2020-11-26
五条悟,Chinese,1,2020-11-02
两面宿傩,Chinese,3,2020-11-28
五条悟,Chinese,3,2020-11-10
家入硝子,Chinese,1,2020-11-14
钉崎野蔷薇,Chinese,1,2020-11-16
钉崎野蔷薇,Chinese,5,2020-11-03
五条悟,Chinese,4,2020-11-29
伏黑惠,Chinese,1,2020-11-12
钉崎野蔷薇,Chinese,4,2020-11-20
伏黑惠,Chinese,1,2020-11-22
五条悟,Chinese,4,2020-11-09
钉崎野蔷薇,Chinese,1,2020-11-19
虎杖悠仁,Chinese,1,2020-11-08
虎杖悠仁,Chinese,1,2020-11-13
虎杖悠仁,Chinese,1,2020-11-15
两面宿傩,Chinese,1,2020-11-24
虎杖悠仁,Chinese,1,2020-11-24
两面宿傩,Chinese,1,2020-11-29
五条悟,Chinese,3,2020-11-26
七海建人,Chinese,1,2020-11-28
五条悟,Chinese,1,2020-11-16
虎杖悠仁,Chinese,1,2020-11-10
虎杖悠仁,Chinese,3,2020-11-23
五条悟,Chinese,1,2020-11-03
五条悟,Chinese,4,2020-11-17
虎杖悠仁,Chinese,2,2020-11-07
虎杖悠仁,Chinese,1,2020-11-01
东堂葵,Chinese,1,2020-11-17
五条悟,Chinese,1,2020-11-08
虎杖悠仁,Chinese,3,2020-11-19
钉崎野蔷薇,Chinese,2,2020-11-08
五条悟,Chinese,1,2020-11-04
五条悟,Chinese,4,2020-11-15
两面宿傩,Chinese,1,2020-11-23
钉崎野蔷薇,Chinese,2,2020-11-21
漏瑚,Chinese,2,2020-11-15
熊猫,Chinese,1,2020-11-06
虎杖悠仁,Chinese,1,2020-11-27
两面宿傩,Chinese,2,2020-11-05
两面宿傩,Chinese,3,2020-11-26
钉崎野蔷薇,Chinese,2,2020-11-01
虎杖悠仁,Chinese,1,2020-11-11
虎杖悠仁,Chinese,1,2020-11-25
虎杖悠仁,Chinese,1,2020-11-29
钉崎野蔷薇,Chinese,1,2020-11-13
虎杖悠仁,Chinese,3,2020-11-22
虎杖悠仁,Chinese,1,2020-11-12
虎杖悠仁,Chinese,1,2020-11-17
五条悟,Chinese,2,2020-11-07
钉崎野蔷薇,Chinese,1,2020-11-14
五条悟,Chinese,2,2020-11-12
伏黑惠,Chinese,1,2020-11-11
两面宿傩,Chinese,5,2020-11-08
两面宿傩,Chinese,3,2020-11-06
伏黑惠,Chinese,1,2020-11-21
虎杖悠仁,Chinese,1,2020-11-21
伏黑惠,Chinese,2,2020-11-15
钉崎野蔷薇,Chinese,1,2020-11-15
两面宿傩,Chinese,2,2020-11-14
虎杖悠仁,Chinese,1,2020-11-08
两面宿傩,Chinese,1,2020-11-12
虎杖悠仁,Chinese,1,2020-11-04
五条悟,Chinese,2,2020-11-10
两面宿傩,Chinese,1,2020-11-22
两面宿傩,Chinese,2,2020-11-18
东堂葵,Chinese,1,2020-11-19
五条悟,Chinese,2,2020-11-19
虎杖悠仁,Chinese,2,2020-11-15
五条悟,Chinese,1,2020-11-06
两面宿傩,Chinese,1,2020-11-07
五条悟,Chinese,1,2020-11-09
两面宿傩,Chinese,3,2020-11-11
两面宿傩,Chinese,4,2020-11-03
钉崎野蔷薇,Chinese,2,2020-11-03
五条悟,Chinese,1,2020-11-16
虎杖悠仁,Chinese,2,2020-11-10
东堂葵,Chinese,1,2020-11-14
两面宿傩,Chinese,1,2020-11-20
伏黑惠,Chinese,1,2020-11-17
虎杖悠仁,Chinese,2,2020-11-03
两面宿傩,Chinese,1,2020-11-17
虎杖悠仁,Chinese,5,2020-11-20
虎杖悠仁,Chinese,2,2020-11-17
虎杖悠仁,Chinese,1,2020-11-07
两面宿傩,Chinese,1,2020-11-10
五条悟,Chinese,2,2020-11-15
五条悟,Chinese,2,2020-11-21
伏黑惠,Chinese,2,2020-11-06
五条悟,Chinese,1,2020-11-08
两面宿傩,Chinese,1,2020-11-16
漏瑚,Chinese,2,2020-11-15
两面宿傩,Chinese,1,2020-11-19
虎杖悠仁,Chinese,1,2020-11-14
两面宿傩,Chinese,3,2020-11-15
两面宿傩,Chinese,3,2020-11-05
五条悟,Chinese,2,2020-11-03
钉崎野蔷薇,Chinese,1,2020-11-21
两面宿傩,Chinese,2,2020-11-13
五条悟,Chinese,1,2020-11-04
两面宿傩,Chinese,3,2020-11-04
虎杖悠仁,Chinese,2,2020-11-11
虎杖悠仁,Chinese,2,2020-11-12
虎杖悠仁,Chinese,2,2020-11-06
虎杖悠仁,Chinese,1,2020-11-16
五条悟,Chinese,1,2020-11-07
两面宿傩,Chinese,3,2020-11-21
虎杖悠仁,Chinese,2,2020-11-05
五条悟,Chinese,1,2020-11-22
两面宿傩,Chinese,4,2020-11-18
熊猫,Chinese,2,2020-11-28
伏黑惠,Chinese,2,2020-11-21
伏黑惠,Chinese,2,2020-11-26
乙骨优太,Chinese,1,2020-11-29
钉崎野蔷薇,Chinese,1,2020-11-03
伏黑惠,Chinese,4,2020-11-20
两面宿傩,Chinese,2,2020-11-25
乙骨优太,Chinese,1,2020-11-28
两面宿傩,Chinese,1,2020-11-03
虎杖悠仁,Chinese,3,2020-11-23
两面宿傩,Chinese,2,2020-11-28
虎杖悠仁,Chinese,5,2020-11-24
钉崎野蔷薇,Chinese,2,2020-11-16
两面宿傩,Chinese,1,2020-11-27
五条悟,Chinese,7,2020-11-01
伏黑惠,Chinese,2,2020-11-23
五条悟,Chinese,1,2020-11-29
五条悟,Chinese,2,2020-11-16
伏黑惠,Chinese,3,2020-11-22
两面宿傩,Chinese,7,2020-11-24
钉崎野蔷薇,Chinese,2,2020-11-17
伏黑惠,Chinese,3,2020-11-19
五条悟,Chinese,1,2020-11-02
伏黑惠,Chinese,7,2020-11-18
两面宿傩,Chinese,1,2020-11-22
虎杖悠仁,Chinese,11,2020-11-21
伏黑惠,Chinese,4,2020-11-16
虎杖悠仁,Chinese,3,2020-11-18
钉崎野蔷薇,Chinese,1,2020-11-26
伏黑惠,Chinese,2,2020-11-27
熊猫,Chinese,1,2020-11-29
虎杖悠仁,Chinese,1,2020-11-26
虎杖悠仁,Chinese,6,2020-11-28
伏黑惠,Chinese,1,2020-11-01
钉崎野蔷薇,Chinese,1,2020-11-01
两面宿傩,Chinese,3,2020-11-20
两面宿傩,Chinese,5,2020-11-17
五条悟,Chinese,1,2020-11-17
虎杖悠仁,Chinese,1,2020-11-03
虎杖悠仁,Chinese,6,2020-11-17
虎杖悠仁,Chinese,1,2020-11-01
钉崎野蔷薇,Chinese,1,2020-11-28
钉崎野蔷薇,Chinese,1,2020-11-21
虎杖悠仁,Chinese,1,2020-11-02
虎杖悠仁,Chinese,1,2020-11-19
五条悟,Chinese,1,2020-11-24
伏黑惠,Chinese,1,2020-11-25
五条悟,Chinese,1,2020-11-21
虎杖悠仁,Chinese,2,2020-11-27
虎杖悠仁,Chinese,1,2020-11-29
两面宿傩,Chinese,2,2020-11-16
伏黑惠,Chinese,1,2020-11-29
两面宿傩,Chinese,2,2020-11-21
熊猫,Chinese,2,2020-11-25
两面宿傩,Chinese,2,2020-11-19
伏黑惠,Chinese,4,2020-11-28
五条悟,Chinese,1,2020-11-28
伏黑惠,Chinese,12,2020-11-17
虎杖悠仁,Chinese,2,2020-11-20
虎杖悠仁,Chinese,1,2020-11-25
伏黑惠,Chinese,13,2020-11-24
漏瑚,Chinese,2,2020-11-28
狗卷棘,Chinese,1,2020-11-21
虎杖悠仁,Chinese,4,2020-11-22
熊猫,Chinese,3,2020-11-21
虎杖悠仁,Chinese,3,2020-11-16
两面宿傩,Chinese,2,2020-11-26
狗卷棘,Chinese,1,2020-11-28
两面宿傩,Chinese,5,2020-11-01
伏黑惠,Chinese,12,2020-11-09
两面宿傩,Chinese,5,2020-11-08
钉崎野蔷薇,Chinese,1,2020-11-11
禅院真希,Chinese,1,2020-11-07
漏瑚,Chinese,1,2020-11-10
伏黑惠,Chinese,8,2020-11-15
钉崎野蔷薇,Chinese,2,2020-11-09
五条悟,Chinese,3,2020-11-11
两面宿傩,Chinese,1,2020-11-14
熊猫,Chinese,2,2020-11-07
禅院真希,Chinese,1,2020-11-12
伏黑惠,Chinese,4,2020-11-13
五条悟,Chinese,3,2020-11-14
伏黑惠,Chinese,4,2020-11-10
漏瑚,Chinese,1,2020-11-09
虎杖悠仁,Chinese,5,2020-11-15
两面宿傩,Chinese,5,2020-11-07
伏黑惠,Chinese,1,2020-11-12
熊猫,Chinese,2,2020-11-11
熊猫,Chinese,1,2020-11-09
虎杖悠仁,Chinese,6,2020-11-09
五条悟,Chinese,4,2020-11-09
熊猫,Chinese,2,2020-11-08
狗卷棘,Chinese,4,2020-11-13
虎杖悠仁,Chinese,4,2020-11-08
虎杖悠仁,Chinese,6,2020-11-13
伏黑惠,Chinese,3,2020-11-14
虎杖悠仁,Chinese,8,2020-11-10
两面宿傩,Chinese,3,2020-11-11
熊猫,Chinese,1,2020-11-12
熊猫,Chinese,1,2020-11-10
伏黑惠,Chinese,12,2020-11-07
钉崎野蔷薇,Chinese,1,2020-11-12
钉崎野蔷薇,Chinese,4,2020-11-07
虎杖悠仁,Chinese,2,2020-11-14
东堂葵,Chinese,1,2020-11-09
两面宿傩,Chinese,1,2020-11-13
五条悟,Chinese,4,2020-11-08
两面宿傩,Chinese,8,2020-11-15
狗卷棘,Chinese,2,2020-11-15
伏黑惠,Chinese,9,2020-11-08
伏黑惠,Chinese,5,2020-11-11
熊猫,Chinese,1,2020-11-13
夏油杰,Chinese,1,2020-11-09
两面宿傩,Chinese,2,2020-11-10
虎杖悠仁,Chinese,4,2020-11-12
五条悟,Chinese,3,2020-11-15
五条悟,Chinese,5,2020-11-07
虎杖悠仁,Chinese,12,2020-11-07
两面宿傩,Chinese,5,2020-11-09
五条悟,Chinese,2,2020-11-12
漏瑚,Chinese,2,2020-11-15
两面宿傩,Chinese,3,2020-11-07
东堂葵,Chinese,1,2020-11-06
两面宿傩,Chinese,9,2020-11-06
伏黑惠,Chinese,2,2020-11-07
钉崎野蔷薇,Chinese,1,2020-11-06
五条悟,Chinese,10,2020-11-06
钉崎野蔷薇,Chinese,1,2020-11-05
东堂葵,Chinese,1,2020-11-07
乙骨优太,Chinese,2,2020-11-05
熊猫,Chinese,2,2020-11-05
两面宿傩,Chinese,2,2020-11-05
五条悟,Chinese,3,2020-11-05
伏黑惠,Chinese,4,2020-11-05
虎杖悠仁,Chinese,2,2020-11-07
虎杖悠仁,Chinese,5,2020-11-05
虎杖悠仁,Chinese,4,2020-11-06
东堂葵,Chinese,2,2020-11-05
伏黑惠,Chinese,7,2020-11-06
五条悟,Chinese,4,2020-11-07
伏黑惠,Chinese,20,2020-11-02
狗卷棘,Chinese,3,2020-11-03
乙骨优太,Chinese,1,2020-11-04
五条悟,Chinese,6,2020-11-02
虎杖悠仁,Chinese,7,2020-11-04
钉崎野蔷薇,Chinese,2,2020-11-03
熊猫,Chinese,2,2020-11-02
熊猫,Chinese,1,2020-11-04
两面宿傩,Chinese,7,2020-11-03
伏黑惠,Chinese,19,2020-11-03
东堂葵,Chinese,1,2020-11-02
乙骨优太,Chinese,2,2020-11-03
虎杖悠仁,Chinese,12,2020-11-03
两面宿傩,Chinese,11,2020-11-02
五条悟,Chinese,3,2020-11-03
钉崎野蔷薇,Chinese,1,2020-11-04
伏黑惠,Chinese,6,2020-11-04
五条悟,Chinese,11,2020-11-04
东堂葵,Chinese,1,2020-11-04
两面宿傩,Chinese,4,2020-11-04
虎杖悠仁,Chinese,12,2020-11-02
漏瑚,Chinese,1,2020-11-03
伏黑惠,Chinese,2,2020-11-02
熊猫,Chinese,1,2020-11-01
五条悟,Chinese,10,2020-11-01
七海建人,Chinese,3,2020-11-01
熊猫,Chinese,1,2020-11-02
五条悟,Chinese,4,2020-11-02
伏黑惠,Chinese,25,2020-11-01
夏油杰,Chinese,2,2020-11-01
两面宿傩,Chinese,12,2020-11-01
两面宿傩,Chinese,1,2020-11-02
虎杖悠仁,Chinese,8,2020-11-02
虎杖悠仁,Chinese,23,2020-11-01
禅院真希,Chinese,1,2020-11-01
漏瑚,Chinese,10,2020-11-01
五条悟,Chinese,5,2020-11-22
伏黑惠,Chinese,1,2020-11-16
熊猫,Chinese,1,2020-11-01
乙骨优太,Chinese,6,2020-11-01
五条悟,Chinese,1,2020-11-25
五条悟,Chinese,3,2020-11-20
乙骨优太,Chinese,1,2020-11-28
虎杖悠仁,Chinese,2,2020-11-26
五条悟,Chinese,8,2020-11-01
两面宿傩,Chinese,2,2020-11-18
伏黑惠,Chinese,2,2020-11-20
两面宿傩,Chinese,1,2020-11-22
五条悟,Chinese,1,2020-11-19
五条悟,Chinese,5,2020-11-29
虎杖悠仁,Chinese,1,2020-11-23
夏油杰,Chinese,1,2020-11-21
漏瑚,Chinese,1,2020-11-23
两面宿傩,Chinese,1,2020-11-29
虎杖悠仁,Chinese,6,2020-11-18
五条悟,Chinese,5,2020-11-26
五条悟,Chinese,5,2020-11-16
伏黑惠,Chinese,1,2020-11-18
熊猫,Chinese,1,2020-11-22
伏黑惠,Chinese,8,2020-11-01
钉崎野蔷薇,Chinese,2,2020-11-01
两面宿傩,Chinese,3,2020-11-20
虎杖悠仁,Chinese,1,2020-11-27
夏油杰,Chinese,1,2020-11-26
五条悟,Chinese,1,2020-11-23
五条悟,Chinese,4,2020-11-24
虎杖悠仁,Chinese,1,2020-11-20
虎杖悠仁,Chinese,18,2020-11-01
禅院真希,Chinese,1,2020-11-01
虎杖悠仁,Chinese,2,2020-11-25
虎杖悠仁,Chinese,3,2020-11-19
五条悟,Chinese,4,2020-11-18
狗卷棘,Chinese,2,2020-11-01
漏瑚,Chinese,1,2020-11-18
伏黑惠,Chinese,1,2020-11-25
五条悟,Chinese,2,2020-11-21
虎杖悠仁,Chinese,1,2020-11-17
夏油杰,Chinese,1,2020-11-01
两面宿傩,Chinese,9,2020-11-01
伏黑惠,Chinese,1,2020-11-16
伏黑惠,Chinese,5,2020-11-14
五条悟,Chinese,32,2020-11-14
熊猫,Chinese,2,2020-11-15
虎杖悠仁,Chinese,7,2020-11-15
伏黑惠,Chinese,2,2020-11-15
五条悟,Chinese,6,2020-11-16
两面宿傩,Chinese,18,2020-11-14
钉崎野蔷薇,Chinese,1,2020-11-14
七海建人,Chinese,3,2020-11-15
熊猫,Chinese,1,2020-11-16
两面宿傩,Chinese,4,2020-11-15
漏瑚,Chinese,4,2020-11-14
虎杖悠仁,Chinese,1,2020-11-16
五条悟,Chinese,6,2020-11-15
虎杖悠仁,Chinese,11,2020-11-14
漏瑚,Chinese,2,2020-11-15
五条悟,Chinese,22,2020-11-13
五条悟,Chinese,27,2020-11-14
虎杖悠仁,Chinese,1,2020-11-13
漏瑚,Chinese,1,2020-11-14
东堂葵,Chinese,2,2020-11-14
东堂葵,Chinese,1,2020-11-13
漏瑚,Chinese,3,2020-11-13
五条悟,Chinese,53,2020-11-13
七海建人,Chinese,1,2020-11-13
五条悟,Chinese,2,2020-11-11
两面宿傩,Chinese,4,2020-11-12
伏黑惠,Chinese,1,2020-11-13
伏黑惠,Chinese,2,2020-11-12
虎杖悠仁,Chinese,4,2020-11-13
漏瑚,Chinese,11,2020-11-13
两面宿傩,Chinese,3,2020-11-13
伊地知洁高,Chinese,2,2020-11-13
虎杖悠仁,Chinese,7,2020-11-12
漏瑚,Chinese,1,2020-11-12
五条悟,Chinese,12,2020-11-12
东堂葵,Chinese,1,2020-11-13
伏黑惠,Chinese,2,2020-11-10
五条悟,Chinese,18,2020-11-11
夏油杰,Chinese,1,2020-11-10
夏油杰,Chinese,1,2020-11-11
两面宿傩,Chinese,1,2020-11-11
虎杖悠仁,Chinese,6,2020-11-10
五条悟,Chinese,8,2020-11-10
东堂葵,Chinese,2,2020-11-10
漏瑚,Chinese,1,2020-11-10
钉崎野蔷薇,Chinese,1,2020-11-11
七海建人,Chinese,2,2020-11-10
狗卷棘,Chinese,1,2020-11-11
漏瑚,Chinese,4,2020-11-11
虎杖悠仁,Chinese,5,2020-11-11
两面宿傩,Chinese,5,2020-11-10
伏黑惠,Chinese,2,2020-11-11
伏黑惠,Chinese,4,2020-11-09
伏黑惠,Chinese,2,2020-11-10
乙骨优太,Chinese,1,2020-11-09
漏瑚,Chinese,2,2020-11-09
七海建人,Chinese,1,2020-11-10
五条悟,Chinese,18,2020-11-10
钉崎野蔷薇,Chinese,1,2020-11-09
漏瑚,Chinese,1,2020-11-10
虎杖悠仁,Chinese,5,2020-11-09
虎杖悠仁,Chinese,2,2020-11-10
五条悟,Chinese,28,2020-11-09
东堂葵,Chinese,1,2020-11-09
伊地知洁高,Chinese,1,2020-11-10
乙骨优太,Chinese,1,2020-11-10
两面宿傩,Chinese,3,2020-11-10
两面宿傩,Chinese,11,2020-11-09
狗卷棘,Chinese,1,2020-11-09
伏黑惠,Chinese,1,2020-11-09
漏瑚,Chinese,8,2020-11-08
虎杖悠仁,Chinese,27,2020-11-08
两面宿傩,Chinese,9,2020-11-08
虎杖悠仁,Chinese,7,2020-11-09
漏瑚,Chinese,3,2020-11-09
五条悟,Chinese,10,2020-11-09
七海建人,Chinese,1,2020-11-08
钉崎野蔷薇,Chinese,1,2020-11-09
乙骨优太,Chinese,4,2020-11-09
东堂葵,Chinese,1,2020-11-09
伏黑惠,Chinese,8,2020-11-08
东堂葵,Chinese,1,2020-11-08
两面宿傩,Chinese,3,2020-11-09
夏油杰,Chinese,1,2020-11-08
五条悟,Chinese,51,2020-11-08
漏瑚,Chinese,8,2020-11-08
两面宿傩,Chinese,21,2020-11-08
虎杖悠仁,Chinese,16,2020-11-08
两面宿傩,Chinese,11,2020-11-07
狗卷棘,Chinese,1,2020-11-07
伏黑惠,Chinese,3,2020-11-07
乙骨优太,Chinese,3,2020-11-08
狗卷棘,Chinese,1,2020-11-08
漏瑚,Chinese,7,2020-11-07
虎杖悠仁,Chinese,11,2020-11-07
钉崎野蔷薇,Chinese,1,2020-11-07
东堂葵,Chinese,2,2020-11-07
五条悟,Chinese,33,2020-11-07
伏黑惠,Chinese,3,2020-11-08
五条悟,Chinese,31,2020-11-08
熊猫,Chinese,4,2020-11-07
狗卷棘,Chinese,2,2020-11-07
两面宿傩,Chinese,21,2020-11-07
伏黑惠,Chinese,6,2020-11-07
乙骨优太,Chinese,3,2020-11-07
漏瑚,Chinese,14,2020-11-07
虎杖悠仁,Chinese,23,2020-11-07
东堂葵,Chinese,1,2020-11-07
五条悟,Chinese,61,2020-11-07
家入硝子,Chinese,1,2020-11-07
七海建人,Chinese,1,2020-11-07
乙骨优太,Chinese,2,2020-11-07
熊猫,Chinese,3,2020-11-07
两面宿傩,Chinese,14,2020-11-07
狗卷棘,Chinese,1,2020-11-07
夏油杰,Chinese,1,2020-11-07
伏黑惠,Chinese,7,2020-11-07
五条悟,Chinese,49,2020-11-07
漏瑚,Chinese,18,2020-11-07
虎杖悠仁,Chinese,38,2020-11-07
钉崎野蔷薇,Chinese,1,2020-11-07
七海建人,Chinese,2,2020-11-07
夏油杰,Chinese,3,2020-11-07
两面宿傩,Chinese,14,2020-11-07
伏黑惠,Chinese,14,2020-11-07
禅院真希,Chinese,1,2020-11-07
漏瑚,Chinese,21,2020-11-07
虎杖悠仁,Chinese,30,2020-11-07
钉崎野蔷薇,Chinese,1,2020-11-07
东堂葵,Chinese,5,2020-11-07
五条悟,Chinese,55,2020-11-07
七海建人,Chinese,2,2020-11-07
乙骨优太,Chinese,3,2020-11-07
熊猫,Chinese,2,2020-11-07
两面宿傩,Chinese,27,2020-11-07
伏黑惠,Chinese,15,2020-11-07
漏瑚,Chinese,17,2020-11-07
虎杖悠仁,Chinese,38,2020-11-07
钉崎野蔷薇,Chinese,1,2020-11-07
东堂葵,Chinese,3,2020-11-07
五条悟,Chinese,66,2020-11-07
三轮霞,Chinese,1,2020-11-07
狗卷棘,Chinese,4,2020-11-07
熊猫,Chinese,2,2020-11-07
两面宿傩,Chinese,18,2020-11-07
伏黑惠,Chinese,4,2020-11-07
乙骨优太,Chinese,1,2020-11-07
漏瑚,Chinese,51,2020-11-07
虎杖悠仁,Chinese,48,2020-11-07
钉崎野蔷薇,Chinese,2,2020-11-07
东堂葵,Chinese,2,2020-11-07
五条悟,Chinese,63,2020-11-07
七海建人,Chinese,2,2020-11-07
夏油杰,Chinese,2,2020-11-07
两面宿傩,Chinese,12,2020-11-07
伏黑惠,Chinese,5,2020-11-07
五条悟,Chinese,51,2020-11-07
漏瑚,Chinese,11,2020-11-07
虎杖悠仁,Chinese,15,2020-11-07
东堂葵,Chinese,1,2020-11-07
熊猫,Chinese,1,2020-11-07
两面宿傩,Chinese,14,2020-11-07
伏黑惠,Chinese,3,2020-11-07
漏瑚,Chinese,11,2020-11-07
虎杖悠仁,Chinese,10,2020-11-07
五条悟,Chinese,21,2020-11-07
家入硝子,Chinese,2,2020-11-07
乙骨优太,Chinese,2,2020-11-07
夏油杰,Chinese,1,2020-11-07
两面宿傩,Chinese,8,2020-11-07
伏黑惠,Chinese,8,2020-11-07
漏瑚,Chinese,10,2020-11-07
虎杖悠仁,Chinese,11,2020-11-07
五条悟,Chinese,10,2020-11-07
钉崎野蔷薇,Chinese,1,2020-11-07
七海建人,Chinese,1,2020-11-07
漏瑚,Chinese,1,2020-11-29
两面宿傩,Chinese,14,2020-11-07
五条悟,Chinese,18,2020-11-29
漏瑚,Chinese,1,2020-11-27
两面宿傩,Chinese,1,2020-11-28
夏油杰,Chinese,1,2020-11-28
伏黑惠,Chinese,12,2020-11-07
五条悟,Chinese,8,2020-11-27
漏瑚,Chinese,7,2020-11-07
漏瑚,Chinese,2,2020-11-28
虎杖悠仁,Chinese,4,2020-11-07
钉崎野蔷薇,Chinese,1,2020-11-07
五条悟,Chinese,20,2020-11-28
乙骨优太,Chinese,2,2020-11-27
五条悟,Chinese,9,2020-11-07
虎杖悠仁,Chinese,2,2020-11-27
伏黑惠,Chinese,1,2020-11-23
五条悟,Chinese,48,2020-11-22
漏瑚,Chinese,7,2020-11-22
虎杖悠仁,Chinese,1,2020-11-24
漏瑚,Chinese,7,2020-11-23
钉崎野蔷薇,Chinese,2,2020-11-25
五条悟,Chinese,19,2020-11-25
虎杖悠仁,Chinese,1,2020-11-23
虎杖悠仁,Chinese,1,2020-11-21
五条悟,Chinese,6,2020-11-26
两面宿傩,Chinese,3,2020-11-25
伏黑惠,Chinese,1,2020-11-22
两面宿傩,Chinese,3,2020-11-22
狗卷棘,Chinese,1,2020-11-23
两面宿傩,Chinese,1,2020-11-21
漏瑚,Chinese,1,2020-11-26
漏瑚,Chinese,4,2020-11-21
虎杖悠仁,Chinese,3,2020-11-22
五条悟,Chinese,17,2020-11-21
漏瑚,Chinese,1,2020-11-25
夏油杰,Chinese,1,2020-11-22
两面宿傩,Chinese,1,2020-11-23
五条悟,Chinese,29,2020-11-23
五条悟,Chinese,1,2020-11-27
五条悟,Chinese,14,2020-11-24
伏黑惠,Chinese,2,2020-11-25
虎杖悠仁,Chinese,2,2020-11-25
熊猫,Chinese,1,2020-11-24
三轮霞,Chinese,1,2020-11-24
夏油杰,Chinese,4,2020-11-21
虎杖悠仁,Chinese,5,2020-11-21
伏黑惠,Chinese,7,2020-11-21
狗卷棘,Chinese,5,2020-11-21
七海建人,Chinese,2,2020-11-21
五条悟,Chinese,85,2020-11-21
东堂葵,Chinese,7,2020-11-21
乙骨优太,Chinese,1,2020-11-21
漏瑚,Chinese,16,2020-11-21
两面宿傩,Chinese,2,2020-11-21
钉崎野蔷薇,Chinese,1,2020-11-21
五条悟,Chinese,27,2020-11-20
三轮霞,Chinese,1,2020-11-21
东堂葵,Chinese,4,2020-11-20
伏黑惠,Chinese,5,2020-11-21
伏黑惠,Chinese,6,2020-11-20
狗卷棘,Chinese,2,2020-11-20
狗卷棘,Chinese,1,2020-11-21
两面宿傩,Chinese,1,2020-11-20
五条悟,Chinese,1,2020-11-21
东堂葵,Chinese,1,2020-11-21
虎杖悠仁,Chinese,1,2020-11-20
七海建人,Chinese,2,2020-11-20
漏瑚,Chinese,3,2020-11-20
五条悟,Chinese,10,2020-11-20
两面宿傩,Chinese,1,2020-11-18
伏黑惠,Chinese,2,2020-11-19
五条悟,Chinese,35,2020-11-19
钉崎野蔷薇,Chinese,1,2020-11-19
东堂葵,Chinese,1,2020-11-19
伏黑惠,Chinese,1,2020-11-18
狗卷棘,Chinese,1,2020-11-18
虎杖悠仁,Chinese,5,2020-11-19
夏油杰,Chinese,3,2020-11-18
东堂葵,Chinese,1,2020-11-18
漏瑚,Chinese,3,2020-11-18
狗卷棘,Chinese,1,2020-11-19
五条悟,Chinese,18,2020-11-18
夏油杰,Chinese,2,2020-11-17
漏瑚,Chinese,4,2020-11-17
钉崎野蔷薇,Chinese,1,2020-11-17
虎杖悠仁,Chinese,1,2020-11-18
虎杖悠仁,Chinese,6,2020-11-17
两面宿傩,Chinese,4,2020-11-17
漏瑚,Chinese,1,2020-11-16
三轮霞,Chinese,1,2020-11-17
五条悟,Chinese,103,2020-11-17
漏瑚,Chinese,2,2020-11-18
伏黑惠,Chinese,4,2020-11-17
东堂葵,Chinese,2,2020-11-18
东堂葵,Chinese,4,2020-11-17
乙骨优太,Chinese,1,2020-11-17
五条悟,Chinese,16,2020-11-18
伏黑惠,Chinese,4,2020-11-16
五条悟,Chinese,71,2020-11-16
七海建人,Chinese,1,2020-11-16
虎杖悠仁,Chinese,10,2020-11-16
两面宿傩,Chinese,1,2020-11-16
东堂葵,Chinese,5,2020-11-16
漏瑚,Chinese,15,2020-11-16
伏黑惠,Chinese,2,2020-11-15
夏油杰,Chinese,3,2020-11-15
乙骨优太,Chinese,2,2020-11-16
虎杖悠仁,Chinese,6,2020-11-15
东堂葵,Chinese,1,2020-11-15
钉崎野蔷薇,Chinese,1,2020-11-16
钉崎野蔷薇,Chinese,2,2020-11-15
五条悟,Chinese,20,2020-11-16
两面宿傩,Chinese,1,2020-11-15
漏瑚,Chinese,2,2020-11-16
五条悟,Chinese,81,2020-11-15
夏油杰,Chinese,1,2020-11-16
虎杖悠仁,Chinese,2,2020-11-16
两面宿傩,Chinese,1,2020-11-16
东堂葵,Chinese,1,2020-11-16
漏瑚,Chinese,9,2020-11-15
虎杖悠仁,Chinese,4,2020-11-15
夏油杰,Chinese,2,2020-11-15
伏黑惠,Chinese,4,2020-11-15
东堂葵,Chinese,3,2020-11-15
三轮霞,Chinese,1,2020-11-15
七海建人,Chinese,1,2020-11-15
五条悟,Chinese,97,2020-11-15
漏瑚,Chinese,4,2020-11-15
两面宿傩,Chinese,7,2020-11-15
虎杖悠仁,Chinese,16,2020-11-15
伏黑惠,Chinese,7,2020-11-15
东堂葵,Chinese,4,2020-11-15
五条悟,Chinese,91,2020-11-15
七海建人,Chinese,1,2020-11-15
漏瑚,Chinese,21,2020-11-15
狗卷棘,Chinese,1,2020-11-15
两面宿傩,Chinese,2,2020-11-15
夏油杰,Chinese,1,2020-11-14
五条悟,Chinese,105,2020-11-14
虎杖悠仁,Chinese,1,2020-11-15
伏黑惠,Chinese,2,2020-11-14
伏黑惠,Chinese,2,2020-11-15
两面宿傩,Chinese,5,2020-11-14
两面宿傩,Chinese,1,2020-11-15
虎杖悠仁,Chinese,3,2020-11-14
五条悟,Chinese,22,2020-11-15
熊猫,Chinese,1,2020-11-14
漏瑚,Chinese,14,2020-11-14
七海建人,Chinese,1,2020-11-14
漏瑚,Chinese,1,2020-11-15
伏黑惠,Chinese,2,2020-11-14
夏油杰,Chinese,2,2020-11-14
五条悟,Chinese,73,2020-11-14
两面宿傩,Chinese,3,2020-11-14
漏瑚,Chinese,13,2020-11-14
东堂葵,Chinese,4,2020-11-14
虎杖悠仁,Chinese,3,2020-11-14
七海建人,Chinese,1,2020-11-14
伊地知洁高,Chinese,1,2020-11-14
夏油杰,Chinese,3,2020-11-14
五条悟,Chinese,106,2020-11-14
两面宿傩,Chinese,4,2020-11-14
伏黑惠,Chinese,5,2020-11-14
钉崎野蔷薇,Chinese,1,2020-11-14
东堂葵,Chinese,3,2020-11-14
虎杖悠仁,Chinese,8,2020-11-14
乙骨优太,Chinese,3,2020-11-14
漏瑚,Chinese,23,2020-11-14
七海建人,Chinese,3,2020-11-14
伏黑惠,Chinese,5,2020-11-14
夏油杰,Chinese,6,2020-11-14
五条悟,Chinese,154,2020-11-14
两面宿傩,Chinese,6,2020-11-14
钉崎野蔷薇,Chinese,1,2020-11-14
漏瑚,Chinese,24,2020-11-14
东堂葵,Chinese,6,2020-11-14
虎杖悠仁,Chinese,8,2020-11-14
夏油杰,Chinese,2,2020-11-14
伏黑惠,Chinese,11,2020-11-14
五条悟,Chinese,175,2020-11-14
两面宿傩,Chinese,5,2020-11-14
钉崎野蔷薇,Chinese,2,2020-11-14
东堂葵,Chinese,3,2020-11-14
虎杖悠仁,Chinese,19,2020-11-14
乙骨优太,Chinese,1,2020-11-14
漏瑚,Chinese,31,2020-11-14
狗卷棘,Chinese,2,2020-11-14
夏油杰,Chinese,5,2020-11-14
伏黑惠,Chinese,5,2020-11-14
五条悟,Chinese,220,2020-11-14
两面宿傩,Chinese,20,2020-11-14
钉崎野蔷薇,Chinese,2,2020-11-14
东堂葵,Chinese,7,2020-11-14
虎杖悠仁,Chinese,15,2020-11-14
乙骨优太,Chinese,4,2020-11-14
禅院真希,Chinese,1,2020-11-14
熊猫,Chinese,1,2020-11-14
漏瑚,Chinese,44,2020-11-14
七海建人,Chinese,2,2020-11-14
狗卷棘,Chinese,1,2020-11-14
伏黑惠,Chinese,4,2020-11-14
夏油杰,Chinese,4,2020-11-14
五条悟,Chinese,126,2020-11-14
两面宿傩,Chinese,3,2020-11-14
漏瑚,Chinese,19,2020-11-14
东堂葵,Chinese,3,2020-11-14
钉崎野蔷薇,Chinese,1,2020-11-14
虎杖悠仁,Chinese,9,2020-11-14
狗卷棘,Chinese,1,2020-11-14
夏油杰,Chinese,5,2020-11-14
伏黑惠,Chinese,3,2020-11-14
五条悟,Chinese,134,2020-11-14
两面宿傩,Chinese,4,2020-11-14
钉崎野蔷薇,Chinese,4,2020-11-14
漏瑚,Chinese,28,2020-11-14
东堂葵,Chinese,2,2020-11-14
七海建人,Chinese,2,2020-11-14
虎杖悠仁,Chinese,9,2020-11-14
夏油杰,Chinese,6,2020-11-14
伏黑惠,Chinese,1,2020-11-14
五条悟,Chinese,115,2020-11-14
两面宿傩,Chinese,3,2020-11-14
钉崎野蔷薇,Chinese,1,2020-11-14
漏瑚,Chinese,38,2020-11-14
东堂葵,Chinese,1,2020-11-14
虎杖悠仁,Chinese,4,2020-11-14
夏油杰,Chinese,13,2020-11-14
伏黑惠,Chinese,8,2020-11-14
五条悟,Chinese,129,2020-11-14
两面宿傩,Chinese,9,2020-11-14
钉崎野蔷薇,Chinese,2,2020-11-14
东堂葵,Chinese,4,2020-11-14
虎杖悠仁,Chinese,12,2020-11-14
乙骨优太,Chinese,2,2020-11-14
漏瑚,Chinese,42,2020-11-14
七海建人,Chinese,3,2020-11-14
三轮霞,Chinese,1,2020-11-14
伏黑惠,Chinese,13,2020-11-14
夏油杰,Chinese,4,2020-11-14
五条悟,Chinese,170,2020-11-14
两面宿傩,Chinese,1,2020-11-14
漏瑚,Chinese,47,2020-11-14
东堂葵,Chinese,5,2020-11-14
虎杖悠仁,Chinese,8,2020-11-14
钉崎野蔷薇,Chinese,1,2020-11-14
伊地知洁高,Chinese,2,2020-11-14
夏油杰,Chinese,3,2020-11-14
五条悟,Chinese,106,2020-11-14
两面宿傩,Chinese,8,2020-11-14
伏黑惠,Chinese,1,2020-11-14
漏瑚,Chinese,40,2020-11-14
东堂葵,Chinese,10,2020-11-14
虎杖悠仁,Chinese,6,2020-11-14
七海建人,Chinese,1,2020-11-14
伏黑惠,Chinese,2,2020-11-14
五条悟,Chinese,126,2020-11-14
两面宿傩,Chinese,1,2020-11-14
漏瑚,Chinese,32,2020-11-14
七海建人,Chinese,1,2020-11-14
虎杖悠仁,Chinese,1,2020-11-14
夏油杰,Chinese,3,2020-11-14
五条悟,Chinese,97,2020-11-14
漏瑚,Chinese,27,2020-11-14
东堂葵,Chinese,2,2020-11-14
虎杖悠仁,Chinese,1,2020-11-14
乙骨优太,Chinese,5,2020-11-14
伏黑惠,Chinese,2,2020-11-14
五条悟,Chinese,76,2020-11-14
两面宿傩,Chinese,2,2020-11-14
漏瑚,Chinese,13,2020-11-14
东堂葵,Chinese,1,2020-11-14
七海建人,Chinese,1,2020-11-14
伏黑惠,Chinese,2,2020-11-14
五条悟,Chinese,98,2020-11-14
漏瑚,Chinese,7,2020-11-14
东堂葵,Chinese,1,2020-11-14
虎杖悠仁,Chinese,2,2020-11-14
五条悟,Chinese,36,2020-11-14
漏瑚,Chinese,6,2020-11-14
东堂葵,Chinese,1,2020-11-14
虎杖悠仁,Chinese,1,2020-11-14
伏黑惠,Chinese,2,2020-11-14
五条悟,Chinese,64,2020-11-14
两面宿傩,Chinese,1,2020-11-14
漏瑚,Chinese,20,2020-11-14
虎杖悠仁,Chinese,4,2020-11-14
五条悟,Chinese,2,2020-11-29
熊猫,Chinese,3,2020-11-28
伏黑惠,Chinese,1,2020-11-14
夏油杰,Chinese,1,2020-11-28
东堂葵,Chinese,13,2020-11-28
七海建人,Chinese,2,2020-11-28
乙骨优太,Chinese,3,2020-11-28
五条悟,Chinese,26,2020-11-14
钉崎野蔷薇,Chinese,1,2020-11-29
两面宿傩,Chinese,2,2020-11-28
七海建人,Chinese,1,2020-11-29
熊猫,Chinese,1,2020-11-29
虎杖悠仁,Chinese,8,2020-11-28
狗卷棘,Chinese,2,2020-11-29
钉崎野蔷薇,Chinese,2,2020-11-28
狗卷棘,Chinese,5,2020-11-28
三轮霞,Chinese,2,2020-11-28
虎杖悠仁,Chinese,1,2020-11-29
五条悟,Chinese,24,2020-11-28
漏瑚,Chinese,9,2020-11-14
东堂葵,Chinese,4,2020-11-29
伏黑惠,Chinese,12,2020-11-28
伏黑惠,Chinese,7,2020-11-29
伏黑惠,Chinese,5,2020-11-27
东堂葵,Chinese,2,2020-11-28
七海建人,Chinese,5,2020-11-28
狗卷棘,Chinese,2,2020-11-27
虎杖悠仁,Chinese,1,2020-11-28
五条悟,Chinese,12,2020-11-27
虎杖悠仁,Chinese,3,2020-11-27
五条悟,Chinese,11,2020-11-28
七海建人,Chinese,7,2020-11-27
狗卷棘,Chinese,1,2020-11-28
东堂葵,Chinese,3,2020-11-27
东堂葵,Chinese,4,2020-11-24
狗卷棘,Chinese,2,2020-11-27
五条悟,Chinese,5,2020-11-26
乙骨优太,Chinese,2,2020-11-25
伏黑惠,Chinese,11,2020-11-26
虎杖悠仁,Chinese,6,2020-11-26
钉崎野蔷薇,Chinese,1,2020-11-25
五条悟,Chinese,12,2020-11-25
狗卷棘,Chinese,2,2020-11-26
三轮霞,Chinese,1,2020-11-27
七海建人,Chinese,1,2020-11-26
乙骨优太,Chinese,1,2020-11-26
钉崎野蔷薇,Chinese,3,2020-11-26
夏油杰,Chinese,1,2020-11-24
七海建人,Chinese,4,2020-11-25
狗卷棘,Chinese,5,2020-11-25
三轮霞,Chinese,1,2020-11-24
漏瑚,Chinese,1,2020-11-26
虎杖悠仁,Chinese,1,2020-11-27
狗卷棘,Chinese,2,2020-11-24
东堂葵,Chinese,5,2020-11-25
七海建人,Chinese,2,2020-11-24
虎杖悠仁,Chinese,2,2020-11-25
伏黑惠,Chinese,3,2020-11-24
五条悟,Chinese,4,2020-11-27
两面宿傩,Chinese,2,2020-11-26
东堂葵,Chinese,2,2020-11-26
伏黑惠,Chinese,5,2020-11-25
禅院真希,Chinese,1,2020-11-26
东堂葵,Chinese,2,2020-11-27
五条悟,Chinese,3,2020-11-24
东堂葵,Chinese,2,2020-11-24
伏黑惠,Chinese,14,2020-11-23
虎杖悠仁,Chinese,1,2020-11-24
禅院真希,Chinese,1,2020-11-23
狗卷棘,Chinese,7,2020-11-23
虎杖悠仁,Chinese,8,2020-11-23
夏油杰,Chinese,1,2020-11-23
三轮霞,Chinese,1,2020-11-22
七海建人,Chinese,1,2020-11-22
伏黑惠,Chinese,2,2020-11-22
五条悟,Chinese,3,2020-11-22
两面宿傩,Chinese,3,2020-11-24
狗卷棘,Chinese,7,2020-11-24
狗卷棘,Chinese,2,2020-11-22
禅院真希,Chinese,1,2020-11-22
伏黑惠,Chinese,5,2020-11-24
七海建人,Chinese,3,2020-11-23
钉崎野蔷薇,Chinese,1,2020-11-23
熊猫,Chinese,1,2020-11-24
东堂葵,Chinese,5,2020-11-23
五条悟,Chinese,13,2020-11-23
五条悟,Chinese,3,2020-11-24
乙骨优太,Chinese,1,2020-11-23
禅院真希,Chinese,1,2020-11-24
两面宿傩,Chinese,6,2020-11-23
熊猫,Chinese,2,2020-11-23
三轮霞,Chinese,1,2020-11-24
五条悟,Chinese,20,2020-11-22
漏瑚,Chinese,3,2020-11-22
钉崎野蔷薇,Chinese,5,2020-11-22
东堂葵,Chinese,12,2020-11-22
七海建人,Chinese,3,2020-11-22
伏黑惠,Chinese,11,2020-11-22
三轮霞,Chinese,7,2020-11-22
狗卷棘,Chinese,6,2020-11-22
禅院真希,Chinese,1,2020-11-22
乙骨优太,Chinese,5,2020-11-22
虎杖悠仁,Chinese,11,2020-11-22
熊猫,Chinese,2,2020-11-22
五条悟,Chinese,13,2020-11-22
漏瑚,Chinese,1,2020-11-22
钉崎野蔷薇,Chinese,1,2020-11-22
伏黑惠,Chinese,1,2020-11-21
东堂葵,Chinese,9,2020-11-22
虎杖悠仁,Chinese,1,2020-11-21
三轮霞,Chinese,6,2020-11-22
夏油杰,Chinese,1,2020-11-21
七海建人,Chinese,11,2020-11-22
伏黑惠,Chinese,5,2020-11-22
三轮霞,Chinese,3,2020-11-21
两面宿傩,Chinese,5,2020-11-22
熊猫,Chinese,1,2020-11-22
乙骨优太,Chinese,2,2020-11-22
东堂葵,Chinese,8,2020-11-21
五条悟,Chinese,5,2020-11-21
钉崎野蔷薇,Chinese,2,2020-11-21
夏油杰,Chinese,1,2020-11-22
禅院真希,Chinese,1,2020-11-22
狗卷棘,Chinese,3,2020-11-21
虎杖悠仁,Chinese,4,2020-11-22
漏瑚,Chinese,5,2020-11-21
狗卷棘,Chinese,8,2020-11-22
两面宿傩,Chinese,2,2020-11-21
七海建人,Chinese,1,2020-11-21
虎杖悠仁,Chinese,8,2020-11-21
夏油杰,Chinese,1,2020-11-21
三轮霞,Chinese,5,2020-11-21
伏黑惠,Chinese,18,2020-11-21
伊地知洁高,Chinese,2,2020-11-21
狗卷棘,Chinese,12,2020-11-21
漏瑚,Chinese,1,2020-11-21
七海建人,Chinese,15,2020-11-21
乙骨优太,Chinese,21,2020-11-21
东堂葵,Chinese,13,2020-11-21
五条悟,Chinese,34,2020-11-21
两面宿傩,Chinese,4,2020-11-21
钉崎野蔷薇,Chinese,2,2020-11-21
虎杖悠仁,Chinese,8,2020-11-21
三轮霞,Chinese,7,2020-11-21
伏黑惠,Chinese,26,2020-11-21
两面宿傩,Chinese,6,2020-11-21
禅院真希,Chinese,2,2020-11-21
狗卷棘,Chinese,11,2020-11-21
熊猫,Chinese,3,2020-11-21
漏瑚,Chinese,1,2020-11-21
东堂葵,Chinese,18,2020-11-21
乙骨优太,Chinese,2,2020-11-21
五条悟,Chinese,21,2020-11-21
钉崎野蔷薇,Chinese,3,2020-11-21
七海建人,Chinese,13,2020-11-21
虎杖悠仁,Chinese,10,2020-11-21
夏油杰,Chinese,2,2020-11-21
三轮霞,Chinese,7,2020-11-21
伏黑惠,Chinese,20,2020-11-21
狗卷棘,Chinese,14,2020-11-21
七海建人,Chinese,12,2020-11-21
五条悟,Chinese,19,2020-11-21
东堂葵,Chinese,24,2020-11-21
乙骨优太,Chinese,9,2020-11-21
漏瑚,Chinese,1,2020-11-21
熊猫,Chinese,5,2020-11-21
禅院真希,Chinese,11,2020-11-21
钉崎野蔷薇,Chinese,7,2020-11-21
虎杖悠仁,Chinese,6,2020-11-21
三轮霞,Chinese,8,2020-11-21
伏黑惠,Chinese,38,2020-11-21
禅院真希,Chinese,4,2020-11-21
狗卷棘,Chinese,26,2020-11-21
七海建人,Chinese,11,2020-11-21
乙骨优太,Chinese,7,2020-11-21
东堂葵,Chinese,31,2020-11-21
五条悟,Chinese,22,2020-11-21
熊猫,Chinese,2,2020-11-21
两面宿傩,Chinese,5,2020-11-21
钉崎野蔷薇,Chinese,4,2020-11-21
夏油杰,Chinese,2,2020-11-21
虎杖悠仁,Chinese,8,2020-11-21
三轮霞,Chinese,6,2020-11-21
伏黑惠,Chinese,39,2020-11-21
禅院真希,Chinese,1,2020-11-21
狗卷棘,Chinese,19,2020-11-21
七海建人,Chinese,8,2020-11-21
五条悟,Chinese,35,2020-11-21
东堂葵,Chinese,38,2020-11-21
乙骨优太,Chinese,6,2020-11-21
钉崎野蔷薇,Chinese,2,2020-11-21
两面宿傩,Chinese,5,2020-11-21
熊猫,Chinese,4,2020-11-21
虎杖悠仁,Chinese,14,2020-11-21
夏油杰,Chinese,4,2020-11-21
三轮霞,Chinese,13,2020-11-21
伏黑惠,Chinese,31,2020-11-21
两面宿傩,Chinese,4,2020-11-21
伊地知洁高,Chinese,1,2020-11-21
狗卷棘,Chinese,13,2020-11-21
七海建人,Chinese,17,2020-11-21
五条悟,Chinese,31,2020-11-21
东堂葵,Chinese,37,2020-11-21
乙骨优太,Chinese,4,2020-11-21
漏瑚,Chinese,3,2020-11-21
熊猫,Chinese,2,2020-11-21
钉崎野蔷薇,Chinese,9,2020-11-21
禅院真希,Chinese,5,2020-11-21
虎杖悠仁,Chinese,10,2020-11-21
夏油杰,Chinese,2,2020-11-21
三轮霞,Chinese,20,2020-11-21
伏黑惠,Chinese,48,2020-11-21
两面宿傩,Chinese,4,2020-11-21
狗卷棘,Chinese,15,2020-11-21
七海建人,Chinese,22,2020-11-21
五条悟,Chinese,17,2020-11-21
东堂葵,Chinese,37,2020-11-21
乙骨优太,Chinese,2,2020-11-21
漏瑚,Chinese,1,2020-11-21
熊猫,Chinese,1,2020-11-21
禅院真希,Chinese,7,2020-11-21
钉崎野蔷薇,Chinese,4,2020-11-21
夏油杰,Chinese,3,2020-11-21
虎杖悠仁,Chinese,12,2020-11-21
三轮霞,Chinese,5,2020-11-21
伏黑惠,Chinese,29,2020-11-21
两面宿傩,Chinese,7,2020-11-21
狗卷棘,Chinese,14,2020-11-21
七海建人,Chinese,11,2020-11-21
五条悟,Chinese,15,2020-11-21
东堂葵,Chinese,24,2020-11-21
乙骨优太,Chinese,3,2020-11-21
熊猫,Chinese,1,2020-11-21
禅院真希,Chinese,2,2020-11-21
钉崎野蔷薇,Chinese,2,2020-11-21
夏油杰,Chinese,1,2020-11-21
虎杖悠仁,Chinese,9,2020-11-21
三轮霞,Chinese,2,2020-11-21
伏黑惠,Chinese,35,2020-11-21
两面宿傩,Chinese,5,2020-11-21
狗卷棘,Chinese,9,2020-11-21
熊猫,Chinese,1,2020-11-21
五条悟,Chinese,19,2020-11-21
东堂葵,Chinese,13,2020-11-21
钉崎野蔷薇,Chinese,3,2020-11-21
七海建人,Chinese,5,2020-11-21
虎杖悠仁,Chinese,4,2020-11-21
三轮霞,Chinese,2,2020-11-21
伏黑惠,Chinese,21,2020-11-21
狗卷棘,Chinese,7,2020-11-21
熊猫,Chinese,2,2020-11-21
五条悟,Chinese,14,2020-11-21
东堂葵,Chinese,37,2020-11-21
乙骨优太,Chinese,2,2020-11-21
漏瑚,Chinese,1,2020-11-21
钉崎野蔷薇,Chinese,1,2020-11-21
禅院真希,Chinese,2,2020-11-21
七海建人,Chinese,2,2020-11-21
虎杖悠仁,Chinese,1,2020-11-21
三轮霞,Chinese,1,2020-11-21
伏黑惠,Chinese,10,2020-11-21
东堂葵,Chinese,5,2020-11-21
狗卷棘,Chinese,5,2020-11-21
熊猫,Chinese,2,2020-11-21
五条悟,Chinese,13,2020-11-21
虎杖悠仁,Chinese,3,2020-11-21
三轮霞,Chinese,2,2020-11-21
伏黑惠,Chinese,10,2020-11-21
禅院真希,Chinese,1,2020-11-21
狗卷棘,Chinese,8,2020-11-21
五条悟,Chinese,5,2020-11-21
东堂葵,Chinese,8,2020-11-21
钉崎野蔷薇,Chinese,2,2020-11-21
两面宿傩,Chinese,1,2020-11-21
虎杖悠仁,Chinese,1,2020-11-21
伏黑惠,Chinese,10,2020-11-21
狗卷棘,Chinese,3,2020-11-21
七海建人,Chinese,2,2020-11-21
五条悟,Chinese,8,2020-11-21
东堂葵,Chinese,13,2020-11-21
漏瑚,Chinese,1,2020-11-21
钉崎野蔷薇,Chinese,1,2020-11-21
两面宿傩,Chinese,1,2020-11-21
虎杖悠仁,Chinese,3,2020-11-21
七海建人,Chinese,2,2020-11-29
五条悟,Chinese,8,2020-11-29
伏黑惠,Chinese,3,2020-11-21
禅院真希,Chinese,1,2020-11-21
狗卷棘,Chinese,4,2020-11-21
七海建人,Chinese,3,2020-11-21
五条悟,Chinese,20,2020-11-21
东堂葵,Chinese,15,2020-11-21
虎杖悠仁,Chinese,2,2020-11-29
钉崎野蔷薇,Chinese,1,2020-11-21
两面宿傩,Chinese,1,2020-11-21
熊猫,Chinese,1,2020-11-21
漏瑚,Chinese,1,2020-11-29
钉崎野蔷薇,Chinese,1,2020-11-29
七海建人,Chinese,27,2020-11-29
两面宿傩,Chinese,3,2020-11-29
乙骨优太,Chinese,1,2020-11-29
五条悟,Chinese,38,2020-11-29
虎杖悠仁,Chinese,7,2020-11-29
伏黑惠,Chinese,3,2020-11-29
禅院真希,Chinese,1,2020-11-29
东堂葵,Chinese,1,2020-11-29
乙骨优太,Chinese,1,2020-11-28
两面宿傩,Chinese,1,2020-11-29
两面宿傩,Chinese,2,2020-11-28
七海建人,Chinese,5,2020-11-29
七海建人,Chinese,38,2020-11-28
东堂葵,Chinese,1,2020-11-28
五条悟,Chinese,5,2020-11-29
虎杖悠仁,Chinese,16,2020-11-28
虎杖悠仁,Chinese,1,2020-11-29
三轮霞,Chinese,2,2020-11-28
伊地知洁高,Chinese,1,2020-11-28
狗卷棘,Chinese,1,2020-11-29
五条悟,Chinese,50,2020-11-28
伏黑惠,Chinese,4,2020-11-28
伏黑惠,Chinese,1,2020-11-29
乙骨优太,Chinese,1,2020-11-28
东堂葵,Chinese,1,2020-11-28
七海建人,Chinese,41,2020-11-28
两面宿傩,Chinese,1,2020-11-28
虎杖悠仁,Chinese,20,2020-11-28
狗卷棘,Chinese,1,2020-11-28
伏黑惠,Chinese,2,2020-11-28
五条悟,Chinese,49,2020-11-28
夏油杰,Chinese,1,2020-11-28
七海建人,Chinese,52,2020-11-28
虎杖悠仁,Chinese,18,2020-11-28
两面宿傩,Chinese,2,2020-11-28
狗卷棘,Chinese,1,2020-11-28
伏黑惠,Chinese,1,2020-11-28
五条悟,Chinese,57,2020-11-28
熊猫,Chinese,1,2020-11-28
两面宿傩,Chinese,8,2020-11-28
夏油杰,Chinese,2,2020-11-28
东堂葵,Chinese,1,2020-11-28
七海建人,Chinese,69,2020-11-28
虎杖悠仁,Chinese,28,2020-11-28
漏瑚,Chinese,2,2020-11-28
钉崎野蔷薇,Chinese,1,2020-11-28
伏黑惠,Chinese,4,2020-11-28
五条悟,Chinese,58,2020-11-28
夏油杰,Chinese,1,2020-11-28
东堂葵,Chinese,2,2020-11-28
七海建人,Chinese,66,2020-11-28
两面宿傩,Chinese,2,2020-11-28
虎杖悠仁,Chinese,21,2020-11-28
伏黑惠,Chinese,5,2020-11-28
漏瑚,Chinese,1,2020-11-28
三轮霞,Chinese,2,2020-11-28
五条悟,Chinese,53,2020-11-28
家入硝子,Chinese,1,2020-11-28
乙骨优太,Chinese,1,2020-11-28
七海建人,Chinese,55,2020-11-28
两面宿傩,Chinese,2,2020-11-28
虎杖悠仁,Chinese,30,2020-11-28
漏瑚,Chinese,1,2020-11-28
狗卷棘,Chinese,1,2020-11-28
伏黑惠,Chinese,5,2020-11-28
五条悟,Chinese,75,2020-11-28
乙骨优太,Chinese,2,2020-11-28
东堂葵,Chinese,3,2020-11-28
七海建人,Chinese,40,2020-11-28
虎杖悠仁,Chinese,13,2020-11-28
两面宿傩,Chinese,3,2020-11-28
伏黑惠,Chinese,2,2020-11-28
五条悟,Chinese,30,2020-11-28
禅院真希,Chinese,2,2020-11-28
东堂葵,Chinese,3,2020-11-28
七海建人,Chinese,37,2020-11-28
虎杖悠仁,Chinese,6,2020-11-28
伏黑惠,Chinese,1,2020-11-28
五条悟,Chinese,35,2020-11-28
东堂葵,Chinese,1,2020-11-28
七海建人,Chinese,17,2020-11-28
虎杖悠仁,Chinese,3,2020-11-28
两面宿傩,Chinese,2,2020-11-28
钉崎野蔷薇,Chinese,1,2020-11-28
五条悟,Chinese,18,2020-11-28
两面宿傩,Chinese,1,2020-11-28
东堂葵,Chinese,6,2020-11-28
七海建人,Chinese,25,2020-11-28
乙骨优太,Chinese,1,2020-11-28
虎杖悠仁,Chinese,3,2020-11-28
伏黑惠,Chinese,2,2020-11-28
五条悟,Chinese,32,2020-11-28
熊猫,Chinese,1,2020-11-28
东堂葵,Chinese,4,2020-11-28
七海建人,Chinese,8,2020-11-28
狗卷棘,Chinese,1,2020-11-28
五条悟,Chinese,15,2020-11-28
七海建人,Chinese,5,2020-11-28
伏黑惠,Chinese,3,2020-11-28
五条悟,Chinese,11,2020-11-28
东堂葵,Chinese,1,2020-11-28
七海建人,Chinese,3,2020-11-28
乙骨优太,Chinese,1,2020-11-28
虎杖悠仁,Chinese,2,2020-11-28
漏瑚,Chinese,1,2020-11-28
伏黑惠,Chinese,3,2020-11-28
五条悟,Chinese,49,2020-11-28
东堂葵,Chinese,1,2020-11-28
七海建人,Chinese,21,2020-11-28
虎杖悠仁,Chinese,2,2020-11-28
五条悟,Chinese,13,2020-11-28
熊猫,Chinese,1,2020-11-29
钉崎野蔷薇,Chinese,1,2020-11-29
五条悟,Chinese,3,2020-11-29
虎杖悠仁,Chinese,4,2020-11-29
伏黑惠,Chinese,8,2020-11-29
五条悟,Chinese,2,2020-11-29
两面宿傩,Chinese,2,2020-11-29
狗卷棘,Chinese,1,2020-11-29
虎杖悠仁,Chinese,6,2020-11-29
东堂葵,Chinese,1,2020-11-29
伏黑惠,Chinese,6,2020-11-29
两面宿傩,Chinese,3,2020-11-29
五条悟,Chinese,3,2020-11-29
虎杖悠仁,Chinese,2,2020-11-29
伏黑惠,Chinese,6,2020-11-29
五条悟,Chinese,10,2020-11-29
钉崎野蔷薇,Chinese,1,2020-11-29
两面宿傩,Chinese,1,2020-11-29
熊猫,Chinese,1,2020-11-29
虎杖悠仁,Chinese,3,2020-11-29
熊猫,Chinese,1,2020-11-28
虎杖悠仁,Chinese,4,2020-11-28
伏黑惠,Chinese,4,2020-11-28
五条悟,Chinese,4,2020-11-28
虎杖悠仁,Chinese,1,2020-11-28
五条悟,Chinese,3,2020-11-28
狗卷棘,Chinese,1,2020-11-28
钉崎野蔷薇,Chinese,2,2020-11-28
伏黑惠,Chinese,2,2020-11-28
东堂葵,Chinese,1,2020-11-28
熊猫,Chinese,2,2020-11-28
虎杖悠仁,Chinese,3,2020-11-28
伏黑惠,Chinese,5,2020-11-28
五条悟,Chinese,3,2020-11-28
东堂葵,Chinese,1,2020-11-28
熊猫,Chinese,2,2020-11-28
虎杖悠仁,Chinese,4,2020-11-28
两面宿傩,Chinese,4,2020-11-28
五条悟,Chinese,2,2020-11-28
东堂葵,Chinese,1,2020-11-28
熊猫,Chinese,2,2020-11-28
虎杖悠仁,Chinese,1,2020-11-28
伏黑惠,Chinese,4,2020-11-28
钉崎野蔷薇,Chinese,2,2020-11-28
五条悟,Chinese,2,2020-11-28
伏黑惠,Chinese,1,2020-11-27
狗卷棘,Chinese,1,2020-11-27
五条悟,Chinese,1,2020-11-27
东堂葵,Chinese,1,2020-11-27
虎杖悠仁,Chinese,2,2020-11-27
五条悟,Chinese,1,2020-11-28
伏黑惠,Chinese,2,2020-11-27
两面宿傩,Chinese,2,2020-11-27
五条悟,Chinese,7,2020-11-27
虎杖悠仁,Chinese,4,2020-11-27
熊猫,Chinese,1,2020-11-27
五条悟,Chinese,19,2020-11-29
钉崎野蔷薇,Chinese,1,2020-11-29
熊猫,Chinese,1,2020-11-29
虎杖悠仁,Chinese,8,2020-11-29
伏黑惠,Chinese,1,2020-11-29
两面宿傩,Chinese,1,2020-11-29
五条悟,Chinese,12,2020-11-29
虎杖悠仁,Chinese,5,2020-11-29
东堂葵,Chinese,3,2020-11-29
伏黑惠,Chinese,3,2020-11-29
五条悟,Chinese,17,2020-11-29
两面宿傩,Chinese,4,2020-11-29
虎杖悠仁,Chinese,4,2020-11-29
东堂葵,Chinese,1,2020-11-29
伏黑惠,Chinese,5,2020-11-29
七海建人,Chinese,1,2020-11-29
熊猫,Chinese,1,2020-11-29
五条悟,Chinese,8,2020-11-29
虎杖悠仁,Chinese,1,2020-11-30
熊猫,Chinese,1,2020-12-01
五条悟,Chinese,2,2020-11-29
五条悟,Chinese,4,2020-12-02
五条悟,Chinese,2,2020-12-01
虎杖悠仁,Chinese,3,2020-11-29
伏黑惠,Chinese,4,2020-12-02
虎杖悠仁,Chinese,3,2020-12-01
五条悟,Chinese,2,2020-11-30
两面宿傩,Chinese,3,2020-12-02
虎杖悠仁,Chinese,1,2020-12-02
虎杖悠仁,Chinese,11,2020-11-30
禅院真希,Chinese,2,2020-12-01
两面宿傩,Chinese,1,2020-11-29
五条悟,Chinese,15,2020-12-01
伏黑惠,Chinese,5,2020-12-01
钉崎野蔷薇,Chinese,4,2020-12-02
五条悟,Chinese,1,2020-11-29
五条悟,Chinese,5,2020-12-02
钉崎野蔷薇,Chinese,1,2020-11-30
漏瑚,Chinese,1,2020-12-01
两面宿傩,Chinese,1,2020-12-01
伏黑惠,Chinese,1,2020-12-02
五条悟,Chinese,21,2020-11-30
两面宿傩,Chinese,3,2020-12-02
伏黑惠,Chinese,2,2020-11-30
虎杖悠仁,Chinese,9,2020-12-01
虎杖悠仁,Chinese,6,2020-12-02
两面宿傩,Chinese,6,2020-11-30
夏油杰,Chinese,1,2020-12-01
伏黑惠,Chinese,3,2020-11-29
钉崎野蔷薇,Chinese,3,2020-12-01
狗卷棘,Chinese,1,2020-11-30
狗卷棘,Chinese,1,2020-12-01
乙骨优太,Chinese,1,2020-12-02
熊猫,Chinese,1,2020-12-01
东堂葵,Chinese,1,2020-11-30
五条悟,Chinese,11,2020-12-01
东堂葵,Chinese,2,2020-12-01
三轮霞,Chinese,2,2020-11-30
漏瑚,Chinese,1,2020-12-01
虎杖悠仁,Chinese,4,2020-11-30
七海建人,Chinese,6,2020-12-01
伏黑惠,Chinese,6,2020-12-01
五条悟,Chinese,19,2020-12-02
五条悟,Chinese,2,2020-11-29
两面宿傩,Chinese,1,2020-12-01
伏黑惠,Chinese,2,2020-12-02
七海建人,Chinese,6,2020-12-02
漏瑚,Chinese,4,2020-11-30
五条悟,Chinese,26,2020-11-30
两面宿傩,Chinese,2,2020-12-02
伏黑惠,Chinese,1,2020-11-30
虎杖悠仁,Chinese,1,2020-11-29
虎杖悠仁,Chinese,4,2020-12-01
乙骨优太,Chinese,1,2020-12-01
虎杖悠仁,Chinese,6,2020-12-02
夏油杰,Chinese,1,2020-12-01
狗卷棘,Chinese,1,2020-11-30
钉崎野蔷薇,Chinese,1,2020-12-01
三轮霞,Chinese,1,2020-11-29
伏黑惠,Chinese,2,2020-11-29
虎杖悠仁,Chinese,8,2020-11-30
禅院真希,Chinese,1,2020-11-30
七海建人,Chinese,3,2020-12-01
五条悟,Chinese,20,2020-12-01
伏黑惠,Chinese,3,2020-12-01
东堂葵,Chinese,1,2020-12-01
钉崎野蔷薇,Chinese,1,2020-11-30
东堂葵,Chinese,2,2020-11-30
两面宿傩,Chinese,3,2020-12-01
五条悟,Chinese,20,2020-11-30
家入硝子,Chinese,1,2020-11-30
七海建人,Chinese,12,2020-11-30
两面宿傩,Chinese,2,2020-11-30
虎杖悠仁,Chinese,5,2020-12-01
钉崎野蔷薇,Chinese,1,2020-12-01
七海建人,Chinese,2,2020-11-29
五条悟,Chinese,10,2020-11-29
五条悟,Chinese,1,2020-12-02
两面宿傩,Chinese,2,2020-11-29
虎杖悠仁,Chinese,1,2020-11-29
两面宿傩,Chinese,1,2020-12-02
虎杖悠仁,Chinese,3,2020-12-02
伏黑惠,Chinese,1,2020-12-02
伏黑惠,Chinese,4,2020-11-29
五条悟,Chinese,1,2020-12-02
伏黑惠,Chinese,4,2020-12-02
两面宿傩,Chinese,1,2020-12-02
虎杖悠仁,Chinese,6,2020-12-02
五条悟,Chinese,3,2020-12-01
伏黑惠,Chinese,3,2020-12-01
虎杖悠仁,Chinese,4,2020-12-01
伏黑惠,Chinese,1,2020-12-02
虎杖悠仁,Chinese,1,2020-12-02
东堂葵,Chinese,1,2020-12-01
伏黑惠,Chinese,6,2020-12-01
五条悟,Chinese,2,2020-12-01
虎杖悠仁,Chinese,3,2020-12-01
狗卷棘,Chinese,1,2020-12-01
熊猫,Chinese,1,2020-12-01
五条悟,Chinese,1,2020-12-01
伏黑惠,Chinese,2,2020-12-01
虎杖悠仁,Chinese,19,2020-11-30
钉崎野蔷薇,Chinese,1,2020-11-30
五条悟,Chinese,2,2020-12-01
两面宿傩,Chinese,1,2020-11-30
五条悟,Chinese,4,2020-11-30
钉崎野蔷薇,Chinese,1,2020-12-01
伏黑惠,Chinese,4,2020-11-30
虎杖悠仁,Chinese,3,2020-11-30
东堂葵,Chinese,1,2020-11-30
两面宿傩,Chinese,1,2020-11-30
五条悟,Chinese,1,2020-11-30
熊猫,Chinese,2,2020-11-30
伏黑惠,Chinese,1,2020-11-30
虎杖悠仁,Chinese,2,2020-11-30
钉崎野蔷薇,Chinese,2,2020-11-30
两面宿傩,Chinese,1,2020-11-30
五条悟,Chinese,3,2020-11-30
伏黑惠,Chinese,9,2020-11-30
钉崎野蔷薇,Chinese,1,2020-12-02
熊猫,Chinese,1,2020-11-29
五条悟,Chinese,3,2020-12-02
五条悟,Chinese,2,2020-11-29
虎杖悠仁,Chinese,2,2020-11-29
虎杖悠仁,Chinese,2,2020-12-02
伏黑惠,Chinese,1,2020-12-02
伏黑惠,Chinese,2,2020-11-29
钉崎野蔷薇,Chinese,2,2020-12-02
五条悟,Chinese,4,2020-12-02
伏黑惠,Chinese,3,2020-12-02
虎杖悠仁,Chinese,4,2020-12-02
钉崎野蔷薇,Chinese,1,2020-12-01
七海建人,Chinese,3,2020-12-02
七海建人,Chinese,1,2020-12-01
伏黑惠,Chinese,1,2020-12-01
五条悟,Chinese,11,2020-12-01
虎杖悠仁,Chinese,5,2020-12-01
钉崎野蔷薇,Chinese,5,2020-12-01
虎杖悠仁,Chinese,5,2020-11-30
钉崎野蔷薇,Chinese,2,2020-11-30
七海建人,Chinese,2,2020-12-01
伏黑惠,Chinese,1,2020-12-01
五条悟,Chinese,22,2020-12-01
两面宿傩,Chinese,1,2020-12-01
五条悟,Chinese,1,2020-11-30
狗卷棘,Chinese,1,2020-11-30
虎杖悠仁,Chinese,5,2020-12-01
钉崎野蔷薇,Chinese,4,2020-12-01
伏黑惠,Chinese,1,2020-11-30
虎杖悠仁,Chinese,6,2020-11-30
钉崎野蔷薇,Chinese,2,2020-11-30
东堂葵,Chinese,1,2020-11-30
五条悟,Chinese,2,2020-11-30
伏黑惠,Chinese,2,2020-11-30
七海建人,Chinese,1,2020-11-30
虎杖悠仁,Chinese,2,2020-11-30
钉崎野蔷薇,Chinese,1,2020-11-29
五条悟,Chinese,4,2020-11-29
钉崎野蔷薇,Chinese,1,2020-12-02
钉崎野蔷薇,Chinese,1,2020-11-30
虎杖悠仁,Chinese,2,2020-11-29
七海建人,Chinese,5,2020-11-30
两面宿傩,Chinese,1,2020-11-30
五条悟,Chinese,7,2020-11-30
虎杖悠仁,Chinese,1,2020-12-02
熊猫,Chinese,1,2020-11-30
两面宿傩,Chinese,1,2020-12-02
伏黑惠,Chinese,3,2020-11-30
五条悟,Chinese,11,2020-12-02
夏油杰,Chinese,2,2020-12-02
伏黑惠,Chinese,5,2020-12-02
两面宿傩,Chinese,8,2020-12-02
东堂葵,Chinese,1,2020-12-02
虎杖悠仁,Chinese,8,2020-12-02
东堂葵,Chinese,1,2020-12-01
五条悟,Chinese,8,2020-12-02
伏黑惠,Chinese,3,2020-12-01
五条悟,Chinese,12,2020-12-01
两面宿傩,Chinese,4,2020-12-01
虎杖悠仁,Chinese,3,2020-12-01
虎杖悠仁,Chinese,5,2020-12-02
熊猫,Chinese,1,2020-12-01
伏黑惠,Chinese,6,2020-12-01
五条悟,Chinese,15,2020-12-01
两面宿傩,Chinese,9,2020-12-01
虎杖悠仁,Chinese,3,2020-12-01
钉崎野蔷薇,Chinese,1,2020-12-01
虎杖悠仁,Chinese,5,2020-11-30
钉崎野蔷薇,Chinese,1,2020-11-30
伏黑惠,Chinese,2,2020-12-01
两面宿傩,Chinese,1,2020-12-01
虎杖悠仁,Chinese,4,2020-12-01
五条悟,Chinese,2,2020-11-30
伏黑惠,Chinese,2,2020-11-30
两面宿傩,Chinese,5,2020-11-30
虎杖悠仁,Chinese,10,2020-11-30
两面宿傩,Chinese,7,2020-11-30
五条悟,Chinese,8,2020-11-30
夏油杰,Chinese,1,2020-11-30
伏黑惠,Chinese,2,2020-11-30
虎杖悠仁,Chinese,6,2020-11-30
两面宿傩,Chinese,1,2020-11-29
钉崎野蔷薇,Chinese,1,2020-11-29
五条悟,Chinese,2,2020-11-29
虎杖悠仁,Chinese,5,2020-11-29
狗卷棘,Chinese,2,2020-11-30
七海建人,Chinese,1,2020-12-02
两面宿傩,Chinese,1,2020-11-30
五条悟,Chinese,7,2020-11-30
虎杖悠仁,Chinese,1,2020-12-02
熊猫,Chinese,1,2020-11-30
两面宿傩,Chinese,1,2020-12-02
伏黑惠,Chinese,2,2020-11-30
乙骨优太,Chinese,1,2020-12-02
禅院真希,Chinese,1,2020-12-02
五条悟,Chinese,13,2020-12-02
夏油杰,Chinese,1,2020-12-02
漏瑚,Chinese,1,2020-12-02
伏黑惠,Chinese,5,2020-12-02
七海建人,Chinese,1,2020-12-02
家入硝子,Chinese,1,2020-12-02
两面宿傩,Chinese,8,2020-12-02
虎杖悠仁,Chinese,8,2020-12-02
东堂葵,Chinese,1,2020-12-01
五条悟,Chinese,4,2020-12-02
七海建人,Chinese,1,2020-12-01
狗卷棘,Chinese,2,2020-12-02
五条悟,Chinese,12,2020-12-01
两面宿傩,Chinese,3,2020-12-01
伏黑惠,Chinese,2,2020-12-02
七海建人,Chinese,1,2020-12-02
虎杖悠仁,Chinese,6,2020-12-01
虎杖悠仁,Chinese,2,2020-12-02
两面宿傩,Chinese,2,2020-12-02
东堂葵,Chinese,1,2020-12-01
七海建人,Chinese,4,2020-12-01
五条悟,Chinese,9,2020-12-01
伏黑惠,Chinese,1,2020-12-01
两面宿傩,Chinese,6,2020-12-01
虎杖悠仁,Chinese,3,2020-12-01
钉崎野蔷薇,Chinese,1,2020-12-01
狗卷棘,Chinese,2,2020-12-01
虎杖悠仁,Chinese,9,2020-11-30
七海建人,Chinese,1,2020-12-01
五条悟,Chinese,6,2020-12-01
伏黑惠,Chinese,3,2020-12-01
东堂葵,Chinese,1,2020-12-01
漏瑚,Chinese,3,2020-12-01
两面宿傩,Chinese,6,2020-12-01
虎杖悠仁,Chinese,5,2020-12-01
五条悟,Chinese,16,2020-11-30
伏黑惠,Chinese,3,2020-11-30
两面宿傩,Chinese,1,2020-11-30
虎杖悠仁,Chinese,4,2020-11-30
禅院真希,Chinese,1,2020-11-30
钉崎野蔷薇,Chinese,2,2020-11-30
伏黑惠,Chinese,7,2020-11-30
七海建人,Chinese,1,2020-11-30
两面宿傩,Chinese,2,2020-11-30
五条悟,Chinese,11,2020-11-30
熊猫,Chinese,1,2020-11-30
狗卷棘,Chinese,2,2020-11-30
虎杖悠仁,Chinese,4,2020-11-30
五条悟,Chinese,5,2020-11-29
乙骨优太,Chinese,1,2020-11-29
两面宿傩,Chinese,2,2020-11-29
钉崎野蔷薇,Chinese,2,2020-11-30
虎杖悠仁,Chinese,3,2020-11-29
狗卷棘,Chinese,1,2020-11-30
漏瑚,Chinese,1,2020-11-30
东堂葵,Chinese,1,2020-11-29
乙骨优太,Chinese,1,2020-11-30
伏黑惠,Chinese,2,2020-11-30
两面宿傩,Chinese,2,2020-11-30
五条悟,Chinese,28,2020-11-30
熊猫,Chinese,1,2020-11-30
夏油杰,Chinese,1,2020-11-30
两面宿傩,Chinese,2,2020-11-29
五条悟,Chinese,2,2020-11-29
虎杖悠仁,Chinese,5,2020-11-29
狗卷棘,Chinese,1,2020-11-29
五条悟,Chinese,17,2020-12-02
狗卷棘,Chinese,1,2020-12-02
伏黑惠,Chinese,3,2020-12-02
虎杖悠仁,Chinese,4,2020-12-02
两面宿傩,Chinese,1,2020-12-02
七海建人,Chinese,2,2020-12-02
乙骨优太,Chinese,1,2020-12-02
五条悟,Chinese,18,2020-12-02
五条悟,Chinese,10,2020-12-02
狗卷棘,Chinese,1,2020-12-02
虎杖悠仁,Chinese,2,2020-12-02
