name,type,value,date
五条悟,Chinese,398,2020/11/4
七海建人,Chinese,4,2020/11/4
家入硝子,Chinese,0,2020/11/4
漏瑚,Chinese,1,2020/11/4
禅院真希,Chinese,0,2020/11/4
东堂葵,Chinese,32,2020/11/4
伊地知洁高,Chinese,0,2020/11/4
乙骨优太,Chinese,0,2020/11/4
五条悟,Chinese,341,2020/11/3
七海建人,Chinese,15,2020/11/3
家入硝子,Chinese,0,2020/11/3
漏瑚,Chinese,2,2020/11/3
禅院真希,Chinese,5,2020/11/3
东堂葵,Chinese,24,2020/11/3
伊地知洁高,Chinese,0,2020/11/3
乙骨优太,Chinese,0,2020/11/3
五条悟,Chinese,285,2020/11/2
七海建人,Chinese,0,2020/11/2
家入硝子,Chinese,0,2020/11/2
漏瑚,Chinese,0,2020/11/2
禅院真希,Chinese,7,2020/11/2
东堂葵,Chinese,27,2020/11/2
伊地知洁高,Chinese,0,2020/11/2
乙骨优太,Chinese,16,2020/11/2
五条悟,Chinese,175,2020/11/1
七海建人,Chinese,19,2020/11/1
家入硝子,Chinese,0,2020/11/1
漏瑚,Chinese,6,2020/11/1
禅院真希,Chinese,0,2020/11/1
东堂葵,Chinese,7,2020/11/1
伊地知洁高,Chinese,0,2020/11/1
乙骨优太,Chinese,1,2020/11/1
五条悟,Chinese,473,2020/10/4
七海建人,Chinese,21,2020/10/4
家入硝子,Chinese,0,2020/10/4
漏瑚,Chinese,6,2020/10/4
禅院真希,Chinese,5,2020/10/4
东堂葵,Chinese,20,2020/10/4
伊地知洁高,Chinese,0,2020/10/4
乙骨优太,Chinese,7,2020/10/4
五条悟,Chinese,300,2020/10/3
七海建人,Chinese,21,2020/10/3
家入硝子,Chinese,2,2020/10/3
漏瑚,Chinese,1,2020/10/3
禅院真希,Chinese,8,2020/10/3
东堂葵,Chinese,37,2020/10/3
伊地知洁高,Chinese,2,2020/10/3
乙骨优太,Chinese,0,2020/10/3
五条悟,Chinese,438,2020/10/2
七海建人,Chinese,18,2020/10/2
家入硝子,Chinese,0,2020/10/2
漏瑚,Chinese,6,2020/10/2
禅院真希,Chinese,0,2020/10/2
东堂葵,Chinese,34,2020/10/2
伊地知洁高,Chinese,0,2020/10/2
乙骨优太,Chinese,6,2020/10/2
五条悟,Chinese,936,2020/10/1
七海建人,Chinese,73,2020/10/1
家入硝子,Chinese,8,2020/10/1
漏瑚,Chinese,15,2020/10/1
禅院真希,Chinese,20,2020/10/1
东堂葵,Chinese,40,2020/10/1
伊地知洁高,Chinese,8,2020/10/1
乙骨优太,Chinese,34,2020/10/1
